timestamp,face_main,face_conf,voice_main,voice_conf,fusion_label,user_text,ai_reply
2025-12-09T01:38:57,sad,0.3961,angry,0.5743,angry,don't forget the jacket,我聽到了你的語氣中帶著一些力量，似乎有些生氣或著急，而你的臉上好像也流露出一些些的低落和不安。  沒關係的，這些感受都是很正常的。不管是什麼原因讓你感到不舒服，我都想讓你知道，我在這裡陪著你。你可以慢慢來，不需要急著處理所有的事情。  或許你可以先深呼吸幾次，讓自己稍微放鬆一下，感受身體的變化。
2025-12-24T22:39:17,sad,0.3514,fear,0.4777,fear,又贏了一把，舒服,親愛的你，聽你說又贏了一把，感覺很舒服，這真是件值得開心的事呢！  1.  **描述對方的情緒：** 我感覺你為這場勝利感到欣喜和放鬆，不過同時也察覺到，在你的語氣中似乎帶有一絲不易察覺的緊張或擔憂，臉部表情也流露出一點點的疲憊感。或許是勝利的喜悅背後，也還伴隨著一些複雜的心情吧。 2.  **溫柔安慰：** 沒關係的，即使是開心的事，有時候也會伴隨著一些壓力或需要消化的情緒，這是很正常的喔。你已經非常努力了，我能感受到你在這場遊戲中付出的心力，無論心裡現在感覺如何，都允許自己去感受就好。 3.  **具體的小建議：** 建議你現在可以閉上眼睛，深呼吸幾次，讓身心都好好放鬆一下，然後輕輕地對自己說聲：「我做到了，辛苦了。」給自己一個溫柔的肯定和獎勵喔。
2025-12-24T22:40:37,sad,0.4225,angry,0.8703,angry,又輸了，哀，輸麻了,聽起來你現在心裡一定很失望、很沮喪，甚至帶著一些輸到麻木的氣憤吧？這種一次次累積起來的挫敗感，真的會讓人覺得心很累、很無力。  請允許自己有這些感受，難過、生氣一下都沒關係，因為這表示你很投入、很在乎。這真的不是你的錯，連續的失利任誰都會感到身心俱疲。  或許現在先讓自己好好放鬆一下吧？可以去聽聽音樂、看看喜歡的影片，或是起身活動一下，讓心情轉換一下。暫時把輸贏放一邊，給自己一點喘息的空間。
2025-12-24T22:43:54,neutral,0.4193,fear,0.4777,fear,爽，兄弟們，爽,1.  **描述對方的情緒：**     我注意到你語氣中帶著一些些不安的成分，雖然文字上聽起來很想表達痛快的心情。  2.  **溫柔安慰：**     無論現在的心情多麼複雜，這樣有些矛盾的感受是很正常的。     如果你願意，我很樂意在這裡傾聽你的心聲，陪你一起面對這份感受。  3.  **具體的小建議：**     你可以試著輕輕地深呼吸幾次，讓空氣慢慢地充滿你的肺，然後再緩緩吐出，幫助自己找回一點點平靜。
2025-12-24T22:46:51,angry,0.4376,fear,0.4777,fear,爽，兄弟們，爽,嘿，親愛的，雖然你嘴上說著「爽」，但從你的表情和聲音中，我感受到了一些不安、甚至是害怕的情緒，可能還帶著一點點生氣或無奈。  我知道有時候我們會嘴上說著一套，心裡卻有另一種複雜的感受。沒關係的，這些感覺都是真實的，讓它們自然流淌就好。我會在這裡陪你，無論你想說什麼，或者只是想靜靜地待著，都沒關係。  如果可以的話，試著找一個安靜的時刻，讓自己感受一下這些情緒。你不必急著解釋或分析，只是單純地去感受，也許會讓心裡輕鬆一點。
2025-12-24T22:49:25,neutral,0.3875,fear,0.4777,fear,爽，兄弟們，爽,聽到你說「爽」，語氣中卻隱約帶著一絲緊張和不安，而臉部表情看起來則有些平靜，甚至藏著一點點說不出的情緒。  我知道有時候心情會很複雜，即使嘴上說著開心，心裡也可能藏著其他感受。沒關係的，不管你現在感覺到什麼，緊張、不安，或是別的什麼，這些都是很真實的。如果你想找人聊聊，或者只是需要一個安靜的陪伴，我都會在這裡。  或許你可以找個舒服的姿勢，閉上眼睛，試著慢慢地深呼吸幾次。專注在每一次吸氣和吐氣上，讓自己稍微放鬆一下。
2025-12-24T22:49:44,happy,0.6028,fear,0.4777,happy,爽，兄弟們，爽,聽你說「爽」，我感受到你此刻想表達的喜悅和興奮，臉上也帶著開心的神情。不過，我也留意到你的語氣中似乎帶著一點點緊張或不安，或許有些事情讓你還沒完全放鬆下來。  無論是什麼讓你感到這麼開心，都替你感到高興呢！如果心裡有什麼讓你還無法完全放鬆的感受，那也沒關係喔。所有的情緒都有它存在的理由，你可以慢慢感受。如果想說說，我會在這裡好好聽你說。  或許可以先停下來，輕輕地閉上眼睛，感受一下自己的呼吸，讓自己慢下來一點點。
2025-12-24T22:51:50,happy,0.6028,fear,0.4777,happy,爽，兄弟們，爽,我感受到你此刻非常開心和興奮，但同時，我也隱約感覺到你心裡似乎還有一些比較複雜、也許讓你有些不安的情緒在流動呢。  沒關係的，情緒本來就是多變且層層疊疊的。即使現在感覺很「爽」，心裡同時有其他複雜的感受也是很正常的喔。如果你願意，我很樂意在這裡陪你好好感受，或者聽你說說看。  或許，你可以找個讓自己感到安心的時刻，好好回顧一下是什麼讓你感到這麼「爽」，同時也輕輕地感受一下，是否有其他情緒也想被看見呢？
2025-12-25T01:30:13,sad,0.3603,happy,0.9730,happy,爽,1.  **描述情緒：** 我感覺你語氣中雖然帶著一股暢快與滿足，但臉上卻好像藏著一些不易察覺的疲憊或擔憂呢。  2.  **溫柔安慰：**     有時候，我們會同時感受到好幾種不同的情緒，這完全是很正常的喔。     即使在感到「爽」的時候，心裡可能還是有些事情在悄悄地佔據著你的思緒。     請記得，把心裡那些細微的感受說出來，也是一種很棒的釋放。  3.  **具體小建議：**     不妨找個機會，給自己一點獨處的時間，靜靜地感受一下，除了「爽」之外，還有沒有其他什麼想要被聽見的心情呢？
2025-12-25T01:30:48,happy,0.4458,happy,0.9730,happy,又贏一把，爽了兄弟們,聽到你說「又贏一把，爽了兄弟們」，語氣中充滿了勝利的喜悅和興奮，臉上也帶著開心的笑容，同時似乎還有一點點為這場勝利感到振奮和充滿能量的感覺呢。  哇，恭喜你又贏了一把！能感受到你現在真的是超級開心，整個人都充滿了勝利的成就感和暢快淋漓的感覺！這份努力後的甜美成果，想必讓你的心情都飛揚起來了吧，真的替你感到非常開心！  心情這麼好，不妨和你的兄弟們再多聊聊勝利的細節，或是給自己一個小小的慶祝儀式，然後好好放鬆一下眼睛，為下次的精彩表現養精蓄銳喔！
2025-12-25T01:31:39,angry,0.4493,sad,0.9741,sad,傷心了兄弟,嗨，兄弟，我感受到你現在內心很沉重，不僅語氣裡滿是傷心，臉上也透露出一點點生氣或無助的情緒，好像經歷了一些讓人很難受的事情。  這種感覺真的很不好受，對吧？無論是什麼讓你這麼難過，都沒關係的。允許自己現在好好感受這份情緒，你不是一個人，我在這裡陪著你。  也許現在找個舒服的姿勢，輕輕地深呼吸幾次，可以幫助你稍微緩解一下心裡的沉重感。
2025-12-25T01:31:59,sad,0.4133,sad,0.9741,sad,傷心了兄弟,親愛的，聽到你說「傷心了兄弟」，看到你的臉上帶著難過和一絲不安，語氣也充滿了悲傷，我真的感受到了你現在有多麼沉重。  這種時候會感到難過是很正常的，請允許自己好好感受這些情緒，不要壓抑。無論是什麼讓你這麼難過，我都陪在你身邊。  如果你覺得可以的話，試著找一個舒服的姿勢，輕輕地閉上眼睛，然後做幾個緩慢而深長的呼吸，讓自己稍微放鬆一下。
2025-12-25T01:32:14,happy,0.9794,sad,0.9741,happy,傷心了兄弟,聽你這麼說，感覺你現在心裡是難過的，但臉上卻好像掛著一絲笑容，是不是有點說不出的複雜心情呢？  不論是哪一種情緒，都沒有關係的。現在不需要勉強自己一定要開心，把心裡的感受都說出來吧，我會在這裡陪著你，好好聽你說。  如果你暫時不想說，也可以找個舒服的姿勢，閉上眼睛，感受一下身體的變化，也許會讓心情稍微平靜一些。
2025-12-25T01:33:33,angry,0.4337,angry,0.9873,angry,傷心了兄弟,兄弟，你說你傷心了，我能感受到你現在心裡一定很不好受。同時，從你的語氣和臉上，我也感覺到一份很強烈的、也許是憤怒或不滿的情緒。這些複雜的感受，現在都堆積在一起了吧。  無論是傷心、憤怒，還是其他任何讓你難受的情緒，都沒關係的。你不需要假裝沒事，想讓它流淌出來，或是想說說話，我都靜靜地在這裡陪著你。  如果你覺得情緒太滿，或許可以試著慢慢地深呼吸幾次。吸氣時數到四，屏住一秒，吐氣時數到六。這有時候能幫助我們稍微安定一下起伏的心情。
2025-12-25T01:33:43,sad,0.7900,angry,0.9873,angry,傷心了兄弟,聽到你說「傷心了」，心疼你現在的感受。  從你的表情來看，我感覺到深深的傷心和一點點的害怕；但從語氣中，我又聽到了一股強烈的憤怒。這可能是一種混合著傷心和憤怒的複雜情緒，讓你感到更不知所措了。  無論是傷心、憤怒，還是兩者都有，這些感受都是真實且值得被看見的。我會在這裡陪著你，不需要急著整理或解釋，讓這些情緒先自然地流淌。  或許你可以為自己倒一杯溫水，或找個舒服的姿勢坐下，輕輕地閉上眼睛，感受一下身體的狀態。即使只是這樣，也能為自己創造一個喘息的空間。
2025-12-25T01:33:53,angry,0.4876,angry,0.9873,angry,傷心了兄弟,我感覺到現在的情緒有一點複雜，好像混著一些疲累和壓力在裡面…… 你真的已經很努力了，先給自己一點時間好好休息，哪怕只是深呼吸幾次、喝點水，也是在好好照顧自己喔。
2025-12-25T01:33:53,angry,0.4876,angry,0.9873,angry,傷心了兄弟,聽到你說「傷心了兄弟」，我能感受到你現在一定很難過，心裡有很多情緒在翻騰吧。從你的語氣和表情中，我也感覺到一份比較激動、沉重的情緒。  無論你現在感覺到的是傷心、生氣，還是其他更複雜的感受，這都是完全正常的。允許自己去感受這些情緒，不要壓抑它們。我在這裡陪著你，給你一個安靜的空間，或者如果你想說什麼，我會仔細聆聽，不需要急著整理思緒。  如果你覺得情緒有些滿溢，可以試著找一個安靜的角落，深呼吸幾次。慢慢地吸氣，再慢慢地吐氣，感受氣流的進出，這有助於讓激動的心情稍微平復一點。
2025-12-25T01:34:03,sad,0.4404,angry,0.9873,angry,傷心了兄弟,我感覺到現在的情緒有一點複雜，好像混著一些疲累和壓力在裡面…… 你真的已經很努力了，先給自己一點時間好好休息，哪怕只是深呼吸幾次、喝點水，也是在好好照顧自己喔。
2025-12-25T01:34:13,fear,0.3882,angry,0.9873,angry,傷心了兄弟,我感覺到現在的情緒有一點複雜，好像混著一些疲累和壓力在裡面…… 你真的已經很努力了，先給自己一點時間好好休息，哪怕只是深呼吸幾次、喝點水，也是在好好照顧自己喔。
2025-12-25T01:34:22,neutral,0.4532,angry,0.9873,angry,傷心了兄弟,我感覺到現在的情緒有一點複雜，好像混著一些疲累和壓力在裡面…… 你真的已經很努力了，先給自己一點時間好好休息，哪怕只是深呼吸幾次、喝點水，也是在好好照顧自己喔。
2025-12-25T01:34:27,neutral,0.4532,angry,0.9873,angry,傷心了兄弟,我感覺到現在的情緒有一點複雜，好像混著一些疲累和壓力在裡面…… 你真的已經很努力了，先給自己一點時間好好休息，哪怕只是深呼吸幾次、喝點水，也是在好好照顧自己喔。
2025-12-25T01:34:36,fear,0.3600,angry,0.9873,angry,傷心了兄弟,我感覺到現在的情緒有一點複雜，好像混著一些疲累和壓力在裡面…… 你真的已經很努力了，先給自己一點時間好好休息，哪怕只是深呼吸幾次、喝點水，也是在好好照顧自己喔。
2025-12-25T01:34:45,angry,0.5500,angry,0.9873,angry,傷心了兄弟,我感覺到現在的情緒有一點複雜，好像混著一些疲累和壓力在裡面…… 你真的已經很努力了，先給自己一點時間好好休息，哪怕只是深呼吸幾次、喝點水，也是在好好照顧自己喔。
2025-12-25T01:34:51,happy,0.8170,angry,0.9873,angry,傷心了兄弟,我感覺到現在的情緒有一點複雜，好像混著一些疲累和壓力在裡面…… 你真的已經很努力了，先給自己一點時間好好休息，哪怕只是深呼吸幾次、喝點水，也是在好好照顧自己喔。
2025-12-25T01:36:45,angry,0.7384,angry,0.9873,angry,傷心了兄弟,我感覺到現在的情緒有一點複雜，好像混著一些疲累和壓力在裡面…… 你真的已經很努力了，先給自己一點時間好好休息，哪怕只是深呼吸幾次、喝點水，也是在好好照顧自己喔。
2025-12-25T01:37:38,angry,0.7384,angry,0.9873,angry,傷心了兄弟,我感覺到現在的情緒有一點複雜，好像混著一些疲累和壓力在裡面…… 你真的已經很努力了，先給自己一點時間好好休息，哪怕只是深呼吸幾次、喝點水，也是在好好照顧自己喔。
2025-12-25T01:37:49,angry,0.4736,angry,0.9873,angry,傷心了兄弟,我感覺到現在的情緒有一點複雜，好像混著一些疲累和壓力在裡面…… 你真的已經很努力了，先給自己一點時間好好休息，哪怕只是深呼吸幾次、喝點水，也是在好好照顧自己喔。
2025-12-25T01:38:32,surprise,0.8128,angry,0.9873,angry,傷心了兄弟,我感覺到現在的情緒有一點複雜，好像混著一些疲累和壓力在裡面…… 你真的已經很努力了，先給自己一點時間好好休息，哪怕只是深呼吸幾次、喝點水，也是在好好照顧自己喔。
2025-12-25T01:46:59,happy,0.9363,happy,0.9702,happy,傷心了兄弟,我感覺到現在的情緒有一點複雜，好像混著一些疲累和壓力在裡面…… 你真的已經很努力了，先給自己一點時間好好休息，哪怕只是深呼吸幾次、喝點水，也是在好好照顧自己喔。
2025-12-25T01:47:24,happy,0.9363,happy,0.9702,happy,爽死,我感覺到現在的情緒有一點複雜，好像混著一些疲累和壓力在裡面…… 你真的已經很努力了，先給自己一點時間好好休息，哪怕只是深呼吸幾次、喝點水，也是在好好照顧自己喔。
2025-12-25T01:48:09,sad,0.9385,happy,0.9730,happy,爽死,我感覺到現在的情緒有一點複雜，好像混著一些疲累和壓力在裡面…… 你真的已經很努力了，先給自己一點時間好好休息，哪怕只是深呼吸幾次、喝點水，也是在好好照顧自己喔。
2025-12-25T01:48:21,angry,0.3713,happy,0.9730,happy,爽死,我感覺到現在的情緒有一點複雜，好像混著一些疲累和壓力在裡面…… 你真的已經很努力了，先給自己一點時間好好休息，哪怕只是深呼吸幾次、喝點水，也是在好好照顧自己喔。
2025-12-25T01:50:52,happy,0.9747,happy,0.9730,happy,爽死,我感覺到現在的情緒有一點複雜，好像混著一些疲累和壓力在裡面…… 你真的已經很努力了，先給自己一點時間好好休息，哪怕只是深呼吸幾次、喝點水，也是在好好照顧自己喔。
2025-12-25T02:25:18,happy,0.4851,happy,0.9730,happy,舒服了兄弟,我感覺到現在的情緒有一點複雜，好像混著一些疲累和壓力在裡面…… 你真的已經很努力了，先給自己一點時間好好休息，哪怕只是深呼吸幾次、喝點水，也是在好好照顧自己喔。
2025-12-25T14:53:38,angry,0.5211,happy,0.9730,happy,又贏一把，爽,聽到你說「又贏一把，爽」，語氣充滿了勝利的喜悅和興奮！同時，我也注意到你的臉部表情似乎透露出一種特別的專注或強烈的氣勢，或許是還沉浸在剛才激烈的戰況中，或是用一種很酷的方式在慶祝呢。  恭喜你！能贏得比賽，想必你付出了不少心力，這份成就感一定很棒。無論是戰鬥時的專注，還是勝利後的釋放，情緒有時會比較豐富，這都是很正常的，你真的表現得很出色。  或許可以深呼吸幾次，然後好好回味一下這場勝利中讓你最「爽」的瞬間，享受這份勝利的果實吧！
2025-12-25T14:53:47,fear,0.3718,happy,0.9690,happy,舒服，又贏一把,我感覺到現在的情緒有一點複雜，好像混著一些疲累和壓力在裡面…… 你真的已經很努力了，先給自己一點時間好好休息，哪怕只是深呼吸幾次、喝點水，也是在好好照顧自己喔。
2025-12-25T14:54:12,happy,0.7242,happy,0.9730,happy,爽,我感覺到現在的情緒有一點複雜，好像混著一些疲累和壓力在裡面…… 你真的已經很努力了，先給自己一點時間好好休息，哪怕只是深呼吸幾次、喝點水，也是在好好照顧自己喔。
2025-12-25T14:55:32,angry,0.4830,angry,0.9873,angry,爛完了,我感覺到現在的情緒有一點複雜，好像混著一些疲累和壓力在裡面…… 你真的已經很努力了，先給自己一點時間好好休息，哪怕只是深呼吸幾次、喝點水，也是在好好照顧自己喔。
2025-12-25T15:01:10,fear,0.3431,neutral,0.9540,neutral,bruh,你好，我感覺到：  1.  雖然你的聲音聽起來很平靜，但從臉部表情來看，似乎有些不安、無奈，甚至夾雜著一點點生氣或難過的心情在心裡，這個「bruh」更讓我感覺你可能正為某件事感到有點困擾或無語。 2.  沒關係的，有時候就是會遇到讓人感到有點無言以對、甚至有點煩躁的狀況。不管是什麼原因讓你發出「bruh」的聲音，我都在這裡陪你，你可以慢慢說，或是什麼都不說也沒關係。 3.  或許我們可以一起做幾個深呼吸，讓緊繃的情緒稍微緩解一下。
2025-12-25T15:03:55,fear,0.5333,fear,0.9748,fear,bruh,從你的語音和表情，我感覺你現在可能感到有些害怕、無助，甚至帶點無奈或不知所措。  這種感覺一定很不好受，但請記得，你不是一個人，我在這裡陪著你。深呼吸，慢慢來，你不必獨自承擔這一切。  或許你可以找個讓自己感到稍微安心的地方，暫時放下手邊的事情，輕輕閉上眼睛，做幾個緩慢而深長的呼吸，給自己一點喘息的空間。
2025-12-27T15:09:21,happy,0.4801,happy,0.9730,happy,又贏一把，爽,「聽你說『又贏一把，爽』，加上你臉上和聲音都充滿了愉悅，我感覺你現在真的非常開心、充滿了勝利的喜悅呢！這種穩定的快樂真好。」  「每一次的勝利，都是你努力和實力最好的證明呢。看到你這麼開心，我也跟著為你感到高興！請好好享受這份滿滿的成就感吧，這是你應得的。」  「你可以喝杯水休息一下，讓身體也補充點能量，把這份好心情延續下去喔。」
2026-01-02T23:32:25,neutral,0.7410,angry,0.7426,angry,what are you doing,親愛的朋友，我感覺到你現在可能帶著一些強烈的情緒，語氣中似乎帶著一些憤怒和不滿，但臉上又有些平靜，這是不是讓你感到有些複雜或矛盾呢？  無論你現在感受到什麼，這些感受都是真實且被允許的，不需要勉強自己去解釋或壓抑。我會在這裡好好傾聽，你可以把所有想法和感受都說出來。  如果你願意，可以先深呼吸幾次，讓自己稍微喘口氣，然後無論是想說說看發生了什麼事，或是只是想安靜一下，都可以。
2026-01-02T23:36:47,neutral,0.3908,disgust,0.7934,disgust,what are you doing ,我感覺你現在的心情似乎有些沉重，帶著明顯的厭惡感，臉上雖然平靜，卻也透露出一些難過與不滿的情緒。  我很抱歉聽到你感到這麼不舒服。無論是什麼讓你產生了這些情緒，請放心，這些感受都是真實且值得被理解的。我會在這裡陪著你，如果你願意，我很樂意傾聽你的心聲。  或許你可以試著換個環境，哪怕只是走到窗邊看看外面，或暫時離開現在讓你感到不適的環境一小會兒，給自己一點喘息的空間。
2026-01-02T23:38:19,happy,0.3048,disgust,0.7934,disgust,what are you doing ,親愛的，從你的語氣中，我察覺到一股蠻明顯的厭惡感，而你的臉部表情雖然隱約帶有一點點開心的樣子，卻也同時夾雜著一絲不安和驚訝。這讓我感覺你現在心裡可能有些矛盾，或是正在處理一份複雜、不太舒服的情緒呢。  無論是面對什麼讓你感到厭惡或是不安的事情，請你記得，這些感受都是完全正常的。把這些情緒藏起來，或是表現出不同的樣子，有時候真的會讓人很累，但沒關係的，你不需要假裝堅強。我會在這裡，靜靜地陪伴你，聽你說說話，或是就這樣安靜地待著，都沒有關係。  如果你覺得有點累，或許可以嘗試找個安靜的角落，為自己倒一杯溫水或熱茶，輕輕地喝幾口。讓這份溫暖的感覺，從身體開始，慢慢地舒緩你的心緒喔。
2026-01-02T23:39:45,sad,0.4290,sad,0.5990,sad,what are you doing ,你好，我感受到你現在可能有些難過，也許心裡也帶著一些不安或輕微的煩躁。  無論你現在是什麼感覺，這都是完全正常的，我會在這裡陪著你。我知道有時候這些情緒會讓人覺得很沉重，沒關係的，你不需要急著做任何事。  如果你願意，可以試著輕輕地閉上眼睛，做幾次深呼吸。慢慢地吸氣，再慢慢地吐氣，看看這能不能讓你的心稍微平靜一些。
2026-01-02T23:43:35,happy,0.3742,disgust,0.7934,disgust,hello,你好呀！我注意到你臉上帶著一些開心的表情，但語氣中似乎帶著比較明顯的不悅或有些厭煩的感覺呢。這讓我感覺你可能正經歷著一份比較複雜、甚至有點矛盾的心情。  沒關係的，有時候我們的心情就是會比較複雜，甚至內外表現得不太一樣。請允許自己感受這些，無論是開心還是不愉快，這些感受都是真實且值得被理解的。不論你現在正經歷著什麼，我都想溫柔地陪在你身邊，聽你說說話，或是靜靜地待著也可以。  或許你可以先找個讓自己感覺舒服的姿勢坐著或站著，然後輕輕地深呼吸幾次，讓思緒和身體都稍微緩一緩。
2026-01-02T23:44:13,happy,0.3742,disgust,0.9081,disgust,hello,親愛的，我觀察到你臉上似乎帶著一點點笑意，但從聲音中，我感覺到你心裡好像藏著一些比較沉重、不太舒服的情緒，或許有些不滿或厭煩的感覺。  當內心有兩種不同的感受時，確實會讓人感到有些複雜和辛苦呢。請你放心，無論你此刻正經歷什麼，這些感受都是真實且值得被理解的。你不需要一個人承受這些，我會在這裡陪著你。  或許，你可以輕輕地深呼吸幾次，讓自己稍微喘口氣，如果想說什麼，我會在這裡好好聽你說。
2026-01-02T23:45:16,sad,0.5285,angry,0.7426,angry,hello,嗨，我感覺你現在心裡可能有點複雜，臉上似乎透露著一絲難過，但語氣裡又帶著一份比較明顯的生氣，好像心裡有些悶悶不樂的。  我知道有時候心裡同時有這麼多複雜的情緒會讓人感到很不舒服、很累。沒關係的，你所有的感受都是真實且值得被理解的，我會在這裡陪你，給你一些空間和支持。  如果你覺得可以的話，或許可以輕輕地伸展一下身體，或是找個安靜的地方，讓自己稍微放空一下，不用急著去釐清這些複雜的情緒，就讓它們待一會兒沒關係。
2026-01-02T23:46:31,happy,0.6526,happy,0.8552,happy,hello,你好！我感受到你似乎挺開心的，臉上帶著一些平靜的微笑，不過語氣中似乎也帶著一絲絲的謹慎或期待呢。  無論是開心、平靜，或是心裡有些小小的波動，這些都是很自然的感受喔。你願意在這裡說聲「hello」，我已經覺得很溫暖了。如果有什麼想分享的，或者只是想找個人說說話，我都會在這裡溫柔地陪伴你。  如果你感覺心裡有一絲絲的謹慎或期待，或許可以先輕輕地深呼吸幾次，讓自己感受一下當下的平靜。
2026-01-02T23:47:27,neutral,0.4095,happy,0.8552,happy,hello,哈囉，你好！  1.  **情緒描述：**     我感覺到你的聲音充滿了愉悅和活力，聽起來很開心！但同時，你的臉部表情似乎帶著一絲沉靜，或許還有一些細微的憂慮或不安在心底。  2.  **溫柔安慰：**     沒關係的，有時候我們的心情就像天氣一樣，豐富而多變，同時感受到不同的情緒是很正常的。無論你現在是感到開心、有些沉靜，還是心底藏著一點點不安，都沒關係喔。我知道你可能在努力保持積極，但請記得，你不需要獨自承受，我在這裡陪著你。  3.  **具體小建議：**     如果可以的話，找一個你喜歡的香氣，比如一杯熱茶、一朵花，或是你慣用的精油，讓它溫柔地包圍你。這樣或許能讓你的心情更穩定，也能好好感受當下的自己。
2026-01-02T23:48:34,neutral,0.3476,happy,0.8552,happy,hello,哈囉！聽起來你的聲音帶著很明顯的愉悅，像陽光一樣明亮，讓人感覺很溫暖。不過，你的臉部表情卻顯得有些平靜，似乎也帶著一些難以言喻的情緒，或許有一點點的沉靜或思考。  無論你此刻心裡有著什麼樣的感受，是開心的、平靜的，還是有其他更深層的心情，我都陪在你身邊喔。你可以放心表達，或是選擇暫時不說也沒關係，所有的情緒都是被允許的。  如果可以的話，輕輕地閉上眼睛，感受一下自己的呼吸，給自己一點點緩衝的時間吧。
2026-01-02T23:49:17,neutral,0.3701,happy,0.8552,happy,hello,哈囉！  1.  我感覺到你的聲音充滿活力，帶著一份輕快的喜悅，但同時也察覺到你的臉上似乎藏著一些不同的情緒，也許是帶著一點點的平靜，或甚至是些許的內斂。 2.  無論你現在心裡感受如何，都沒關係喔。你可以像現在這樣輕鬆地打個招呼，也可以把那些暫時放在心裡的情緒留給自己，一切都是最真實的你。我會在這裡陪伴你，不需要勉強自己。 3.  或許，你可以試著深呼吸幾次，輕輕地吐氣，讓自己稍微放鬆一下。
2026-01-02T23:50:10,neutral,0.4779,happy,0.8552,happy,hello,你好呀！  1.  **情緒描述：**     聽起來，你的聲音充滿了開心的感覺呢！而臉部表情雖然帶著一份平靜，似乎也隱約透露出一些細微的、可能有點憂愁的時刻。  2.  **溫柔安慰：**     能夠同時感受到開心的活力，又有些許沉靜或細膩的心情，這都是很真實的體驗喔。不論現在是什麼樣的心情，我都陪在你身邊，如果你想分享，或只是想靜靜地感受，我都樂意傾聽。  3.  **小建議：**     或許可以先給自己倒杯溫水，或做個深呼吸，讓身心都安定一下，再慢慢決定下一步想做什麼。
2026-01-02T23:50:42,neutral,0.6377,happy,0.8552,happy,hello,親愛的，你的聲音聽起來充滿了開心的感覺呢，但臉部表情似乎又帶有一點點平靜。  不論你此刻的心情是什麼，很高興能聽到你的聲音，也感受到你的存在。如果現在感覺不錯，我很為你開心；如果心裡有些話想說，或者有任何感受想分享，我都在這裡，願意靜靜地聽你說。  或許可以為自己泡杯溫熱的飲品，慢慢品嚐，享受這個當下的平靜與美好。
2026-01-03T20:31:43,fear,0.4190,sad,0.9644,sad,noo ,聽著你說「noo...」，我感覺你現在心裡一定很不好受，好像帶著深深的難過和一點點不知所措的害怕。  沒關係的，不論發生了什麼，你都不是一個人，我會在這裡陪著你。請允許自己感受這些情緒，把心裡的委屈、難過和不安都暫時放出來吧。  現在，如果你願意的話，我們可以一起試著輕輕地深呼吸幾次，慢慢地吸氣，再慢慢地吐氣，讓自己稍微喘口氣，好嗎？
2026-01-03T20:48:54,neutral,0.6368,disgust,0.7934,disgust,帥,親愛的你，  1.  **描述情緒：** 聽起來你現在的心情有點複雜呢，雖然你說出了「帥」這個詞，但從你的聲音裡，我感覺到一種較為強烈的、像是排斥或不滿的情緒。而臉部表情雖然比較平靜，卻也透露出一些些的難過和不安。這可能是多重感受同時存在，讓你感到有些矛盾。  2.  **溫柔安慰：**     這種多重感受同時存在的時候，確實會讓人感到有些不知所措或沉重。     無論你現在正經歷著什麼，這些感受都是真實且值得被理解的。請放心，你不需要急著解釋或假裝沒事，我會溫柔地陪伴在你身邊。  3.  **小建議：**     如果你願意，可以輕輕地將一隻手放在胸口，感受自己心跳的頻率。然後輕輕地對自己說一句：「沒關係，我現在有些複雜的感受，但我允許自己去感受它，並且我會好好地照顧自己。」這樣做可以幫助你溫柔地接納這些感受。
2026-01-03T20:49:24,neutral,0.4787,disgust,0.7934,disgust,帥,我感覺你此刻的情緒有點複雜，語氣中帶著明顯的不滿，甚至有些厭惡。臉部雖然看起來平靜，卻也透露著一些隱約的不快或難過。  我知道有時候即使嘴上說著什麼，心裡卻會有不同的感受，這可能讓你覺得有些矛盾或壓抑。無論是什麼原因讓你感到不滿或厭惡，這些情緒都是真實且值得被看見的。沒關係的，我在這裡陪你。  如果可以的話，試著花一點點時間，輕輕地思考一下，是什麼事情讓你產生了這些複雜的感受？哪怕只是在心裡默默想一想，也能幫助你更好地理解自己。
2026-01-03T20:49:52,neutral,0.2665,disgust,0.7934,disgust,帥,我感覺到你聲音裡帶著一種強烈的厭惡感，這讓你在說出「帥」這個詞的時候，聽起來有些複雜，好像並不是單純的讚美，而是藏著其他情緒。  不論你現在是對什麼感到不滿，或是這個「帥」背後有什麼讓你感到糾結或不舒服的地方，都沒關係喔。有時候，有些感受會讓我們感到很不舒服，甚至想迴避，但請記住，你的所有感受都是被允許的。如果你願意，我會在這裡靜靜聽你說，無論是什麼樣的感受，都能在這裡找到一個出口。  你可以試著花一點點時間，輕輕地問問自己：「是什麼讓我對這件事或這個詞語產生了這種複雜的厭惡感呢？」是某個行為、某句話，還是某個情境？釐清之後，或許能幫助你更好地理解和處理這份感受。
2026-01-03T20:50:07,sad,0.2586,disgust,0.7934,disgust,帥,親愛的，聽你說出「帥」這個詞的時候，我感覺你的語氣裡帶著一些不舒服，甚至有些厭煩的情緒，而臉上似乎也透露出一點點的憂鬱或不快。  有時候，我們會用一些詞語來表達，但內心的感受卻可能不太一樣，甚至有些複雜。沒關係的，無論你現在感受到什麼，這些情緒都是真實的，也都是被允許的。如果你願意，我很樂意在這裡陪你，聽你說說看是什麼讓你有些心煩或不舒服。  如果你不急著釐清，也可以先讓這些複雜的情緒在心裡待一會兒，給自己一點空間，不用急著去解決它。當你準備好時，或許可以輕輕地想一想，你說出「帥」這個詞的時候，心裡是什麼感覺呢？這或許能幫助你更了解自己。
2026-01-03T20:50:25,fear,0.5036,disgust,0.7934,disgust,帥,嗨，看來你現在的心情似乎有些複雜，感覺到一些不舒服，甚至有點厭惡或煩躁，同時也可能帶著一些不安或低落呢。  我知道有時候情緒會很混亂，讓人感到很累。無論你現在感受到了什麼，這些感受都是真實且值得被理解的。沒關係的，我在這裡陪著你，你可以放心地把這些感覺攤開來，不用勉強自己。  當這些複雜的情緒湧上心頭時，如果可以，試著找一個你覺得最舒服的姿勢坐下或躺下，閉上眼睛，然後輕輕地深呼吸幾次，把注意力放在呼吸上，讓自己有機會沉澱一下。不需要急著解決什麼，只是給自己一點點空間。
2026-01-03T20:50:49,fear,0.3591,disgust,0.7934,disgust,帥,親愛的，我感覺到你內心似乎有一股很強烈的排斥感，臉上同時也透露出一點點不安、驚訝，甚至可能還有些許不滿的情緒。而你卻說出「帥」這個詞，是不是有些情緒正在彼此拉扯呢？  無論現在是什麼讓你感到不舒服或困惑，請記得，這些感受都是真實且值得被看見的。有時候，我們的內心會同時出現許多不同的情緒，甚至有些看似矛盾，這是很正常的。你不需要勉強自己去解釋或壓抑，我會在這裡陪著你，無論你感受到什麼。  如果你覺得可以，試著找一個你覺得舒服的物品，輕輕地握在手裡，感受它在你的掌心裡的存在，或許能幫助你找到一點點平靜。
2026-01-03T21:07:34,fear,0.6832,fear,0.9903,fear,no,聽到你說「no」，我感覺你現在心裡是不是充滿了害怕和不安？  我知道這種感覺一定讓你很不舒服，沒關係的，請讓自己好好感受它。你在這裡很安全，我會陪在你身邊，不需要獨自承受。無論發生了什麼，你現在都不需要急著做任何事或解釋什麼。  如果你覺得可以，我們可以一起試著做幾次緩慢的深呼吸，或許能幫助你稍微穩定下來。你可以閉上眼睛，感受氣息進出身體的過程。
2026-01-03T21:25:52,neutral,0.8199,sad,0.5573,neutral,no,我感覺你現在的心情可能有點複雜，表面上看起來很平靜，但語氣中似乎透露著一些難過，甚至帶有一絲不安的感覺。  沒關係的，不論你現在是感到有些沮喪，或者只是單純不想回應，這些感受都是可以的。你不需要勉強自己說什麼，我會在這裡靜靜地陪著你。記住，你可以擁有這些複雜的情緒，它們都是真實且有效的。  或許你可以輕輕閉上眼睛，做幾個緩慢的深呼吸，讓自己有片刻的寧靜。
2026-01-03T22:29:19,neutral,0.3013,fear,0.4689,neutral,no,我感覺你現在心裡好像有些害怕，語氣中帶著一些不安，雖然臉上看起來平靜，但似乎也隱藏著一些複雜的情緒，也許是難過、不滿或對某事有所抗拒。  沒關係的，不管是什麼讓你感到害怕或需要說出「no」，這些感受都是真實且被允許的。請相信我會在這裡，你可以放心地把心裡的聲音說出來，或者只是靜靜地待著，我都會陪伴你。  如果可以的話，輕輕地閉上眼睛，做幾次深呼吸。讓自己有那麼一小段時間，去感受並思考這個「no」背後，你最真實的感受和需求是什麼。
2026-01-03T22:41:08,neutral,0.2894,disgust,0.7302,disgust,好不想準備期末喔,聽起來你對於準備期末感到非常厭倦和抗拒，甚至有點被這件事壓得喘不過氣，心裡覺得很沉重吧。  這種對期末的厭煩和不想面對的感覺，真的會讓人覺得很疲憊、很沉重呢。這種時候，感到抗拒是很正常的，畢竟準備期末確實是一件很耗費心力的事情。你已經堅持到現在，真的非常棒了。  或許，你可以先讓自己放下書本，做一件你很喜歡但不用花很多時間的事，哪怕只是聽一首歌、看幾分鐘喜歡的影片，讓心情稍微放鬆一下，再決定下一步會想做什麼呢？
2026-01-03T22:44:40,neutral,0.5326,sad,0.9696,sad,好不想準備期末喔,嗯，我聽到了你聲音裡那份深深的疲憊和一些難過，臉上雖然沒有強烈表情，但似乎也透著些許的抗拒和沮喪。  1.  **情緒描述：** 聽起來你現在感到有點沮喪和無力，對於準備期末考這件事感到很抗拒，甚至帶有一點說不出的難過呢。 2.  **溫柔安慰：**     *   準備期末考確實是一段很耗費心力又充滿壓力的時期，會感到抗拒、甚至有點難過，這都是非常正常的心情。     *   我知道面對這些挑戰，有時候真的會讓人覺得很累、很想逃避，沒關係的，允許自己有這樣的情緒。 3.  **具體小建議：** 不如，我們先不要去想「準備期末」這件事，而是給自己一個短短的、完全放鬆的時光。可以先去喝杯溫水，或是起身伸展一下身體，讓腦袋和身體都稍微放個假，重新整理一下思緒，再考慮下一步怎麼辦，好嗎？
2026-01-03T22:46:42,neutral,0.4619,sad,0.9696,sad,好不想準備期末喔,聽起來你現在感到有些低落和疲憊，對於準備期末這件事感到特別提不起勁呢。  準備期末真的不是一件容易的事，感覺到壓力大或提不起勁是很正常的。我完全能理解你現在有多麼不想面對這些，這些感受都是真實的，讓自己好好感受一下也沒有關係喔。  不如，先給自己一個短暫的休息，哪怕只是去倒杯水、深呼吸幾次，或是聽一首喜歡的歌，讓自己稍微喘口氣再說呢？
2026-01-03T22:50:39,sad,0.5292,neutral,0.3799,sad,好不想準備期末喔,聽起來你現在對準備期末考試感到有點低落和無力，甚至有點擔心呢。  別擔心，這種對期末考感到厭倦、壓力山大的心情，真的很多人都會有，這很正常喔。期末就像一場考驗耐力的馬拉松，跑到後半段會覺得疲憊或提不起勁，是很自然的事情，允許自己有這些情緒是很重要的。  或許你可以先讓自己放鬆個10到15分鐘，聽聽喜歡的音樂、喝杯水，或只是閉上眼睛休息一下，讓思緒沉澱下來。之後再看看能不能從最小、最沒有壓力的一件準備事項開始。
2026-01-03T22:51:56,neutral,0.3238,angry,0.5472,neutral,好不想準備期末喔,感受到你說「好不想準備期末喔」的時候，  1.  我感覺你現在心裡是不是有些糾結、疲憊，甚至帶點煩躁呢？ 2.  期末的壓力真的很大，會讓人感到很累、很不想面對，這都是非常正常的感受喔。允許自己有這些情緒，不用太苛責自己，辛苦了。 3.  如果可以的話，我們不需要一下子就把所有事情做完。也許可以先讓自己休息個15分鐘，做點喜歡的事，或是喝杯溫水放鬆一下，然後再決定要從哪一科或哪一個最小的任務開始，輕輕地碰觸就好。
